date,inbound_calls_in_ivr,abandoned_calls_in_ivr,already_submitted_application,status_of_ticket_application,connection_with_agent,how_to_check_the_status,return_to_main_menu,how_to_complete_or_submit_an_application,ticket_application_process,online_process,household_restrictions,other_information_for_the_process,the_personal_details,types_of_accessibility_tickets,household_restrictions_2,return_to_main_menu_2,information_about_ticket_sales,ticket_products,sales_phases,ticket_categories,ticket_prices,confirmed_tickets,return_to_main_menu_3,payment_methods,payment_methods_2,return_to_main_menu_4,any_other_enquires,cancellation_and_resale,household_restrictions_3,matches,legal_documents,connection_with_agent_2,fan_id,health_and_safety_measures,return_to_main_menu_5
2023-01-01,181,7,90,34,17,17,39,26,4,2,4,3,4,3,6,0,11,2,1,2,3,2,1,8,3,5,80,15,13,17,9,8,4,10,4
2023-01-02,176,3,97,9,10,45,43,29,3,3,4,5,5,2,3,4,11,2,1,3,0,2,3,4,3,1,75,9,13,8,13,10,10,6,6
2023-01-03,171,6,84,49,39,10,25,28,2,2,3,5,4,5,3,4,21,4,3,5,2,3,4,7,4,3,67,12,3,5,5,13,5,9,15
2023-01-04,209,11,106,12,49,44,50,29,3,4,5,3,2,5,3,4,20,3,4,1,5,4,3,10,5,5,94,15,15,12,14,6,7,16,9
2023-01-05,162,23,70,28,23,12,30,27,5,3,3,2,5,0,3,6,18,2,2,4,5,3,2,5,1,4,83,10,14,4,13,6,11,9,16
2023-01-06,178,3,117,18,33,54,45,30,5,2,2,3,4,7,2,5,12,2,1,2,4,1,2,4,3,1,60,2,2,6,14,13,4,7,12
2023-01-07,170,9,92,8,44,44,40,30,5,4,4,3,2,7,3,2,12,2,1,1,3,2,3,4,1,3,70,10,14,3,5,13,13,6,6
2023-01-08,150,15,63,14,19,28,21,25,3,2,1,2,5,2,5,5,10,1,0,2,3,1,3,7,3,4,77,6,14,11,12,9,2,10,13
2023-01-09,147,9,44,8,51,23,13,29,4,3,4,4,3,4,5,2,10,4,1,2,0,2,1,5,5,0,79,2,15,11,14,5,12,8,12
2023-01-10,182,5,105,47,53,32,26,24,3,4,3,2,2,2,3,5,14,2,3,1,3,4,1,8,5,3,61,4,8,2,11,12,7,9,8
2023-01-11,199,4,135,38,28,46,51,28,1,4,4,3,6,4,4,2,13,3,1,1,5,2,1,8,5,3,67,5,7,12,9,3,8,5,18
2023-01-12,209,6,111,45,29,31,35,24,1,3,3,6,1,4,1,5,13,2,2,5,3,0,1,7,4,3,92,15,14,11,7,11,12,11,11
2023-01-13,185,46,73,27,22,40,6,27,2,3,2,6,4,2,4,4,13,1,0,4,3,4,1,4,2,2,80,8,13,7,16,8,13,11,4
2023-01-14,197,5,113,44,17,42,27,24,6,3,2,2,3,1,1,6,17,5,4,3,4,0,1,9,5,4,67,9,6,9,5,15,8,6,9
2023-01-15,191,4,114,45,22,19,50,29,1,3,3,4,3,5,7,3,20,5,0,3,3,4,5,8,4,4,73,12,9,3,6,9,14,6,14
2023-01-16,176,7,98,31,28,25,42,22,5,4,2,2,2,1,3,3,16,1,3,5,2,4,1,11,5,6,71,6,12,8,5,17,6,9,8
2023-01-17,192,8,99,13,12,54,32,25,2,6,3,2,4,2,4,2,12,3,0,4,2,1,2,9,3,6,85,15,14,6,9,13,6,10,12
2023-01-18,222,8,132,49,27,44,39,31,5,2,3,5,6,5,4,1,13,3,2,4,2,0,2,7,2,5,81,4,12,12,6,12,14,8,13
2023-01-19,152,3,40,6,34,15,19,36,4,6,6,2,6,4,4,4,21,4,3,4,3,3,4,4,2,2,78,14,7,10,11,9,10,7,10
2023-01-20,142,6,58,18,44,15,25,30,5,5,3,2,3,5,4,3,19,5,5,4,2,1,2,8,5,3,56,4,8,9,5,3,14,5,8
2023-01-21,158,4,79,18,47,24,37,27,2,6,2,3,4,2,4,4,16,4,4,1,1,4,2,5,3,2,74,6,12,5,9,4,9,13,16
2023-01-22,205,4,121,50,20,47,24,31,4,4,5,3,4,5,4,2,12,2,3,1,1,1,4,14,7,7,62,14,3,8,7,4,3,10,13
2023-01-23,129,9,43,14,21,6,23,20,2,1,5,4,2,3,2,1,8,0,0,2,1,2,3,10,5,5,75,13,10,7,4,11,11,13,6
2023-01-24,175,3,84,40,14,25,19,29,5,5,1,4,4,4,2,4,16,1,2,4,5,0,4,8,5,3,70,13,9,3,10,13,4,2,16
2023-01-25,163,18,83,30,55,17,36,34,6,5,2,6,3,6,2,4,22,0,3,5,4,5,5,6,2,4,58,5,11,3,11,5,9,6,8
2023-01-26,236,4,138,38,16,56,44,25,4,4,2,3,4,3,2,3,14,0,4,4,3,0,3,9,2,7,99,14,12,6,15,9,15,15,13
2023-01-27,117,2,44,12,10,7,25,24,3,4,2,3,2,3,2,5,10,2,2,3,0,3,0,9,5,4,59,9,8,12,8,3,2,10,7
2023-01-28,151,3,28,8,36,9,11,26,5,3,4,3,3,4,3,1,21,4,0,3,4,5,5,5,2,3,94,10,12,16,14,7,13,9,13
2023-01-29,193,18,88,25,34,41,22,30,2,4,5,3,4,2,6,4,15,5,0,4,1,5,0,6,3,3,81,15,4,10,11,8,12,12,9
2023-01-30,184,92,99,28,37,35,36,27,7,2,2,4,1,2,7,2,15,4,3,1,3,1,3,3,2,1,74,9,2,12,17,11,5,12,6
2023-01-31,187,16,112,51,30,10,51,27,4,2,5,3,4,2,2,5,21,5,5,4,2,3,2,7,4,3,69,17,3,7,15,5,3,10,9
2023-02-01,204,34,109,33,11,47,29,29,3,4,3,3,4,5,4,3,14,0,1,4,1,3,5,9,3,6,77,13,11,5,17,8,4,13,6
2023-02-02,208,7,113,38,8,34,41,26,3,4,4,2,4,3,3,3,17,2,1,4,4,4,2,10,6,4,81,12,0,15,14,9,13,12,6
2023-02-03,193,5,110,31,48,31,48,30,3,4,5,3,4,6,2,3,14,2,2,4,1,2,3,8,3,5,79,13,12,7,12,7,12,6,10
2023-02-04,152,15,91,14,9,30,47,25,4,5,4,0,4,3,2,3,14,3,0,3,0,5,3,6,3,3,66,7,15,5,15,4,1,3,16
2023-02-05,151,3,47,9,38,14,24,22,1,6,3,1,1,5,3,2,14,2,0,1,3,4,4,8,4,4,94,18,4,11,4,14,16,13,14
2023-02-06,191,4,108,15,8,49,44,29,1,5,4,4,4,4,2,5,18,5,4,2,4,1,2,9,5,4,68,4,4,7,16,12,10,11,4
2023-02-07,196,7,90,24,32,27,39,24,3,3,2,4,5,3,4,0,16,1,1,3,3,5,3,5,1,4,98,5,14,16,17,12,13,14,7
2023-02-08,152,4,52,8,22,32,12,29,3,3,6,5,3,2,2,5,14,4,0,0,2,4,4,7,2,5,70,2,12,6,14,7,13,13,3
2023-02-09,170,11,73,47,40,6,20,35,5,5,3,4,4,6,4,4,14,3,2,4,4,0,1,10,6,4,67,4,11,5,5,13,14,2,13
2023-02-10,208,7,101,46,19,40,15,35,6,3,4,5,6,4,5,2,17,0,5,1,2,4,5,7,3,4,74,2,4,1,16,17,14,9,11
2023-02-11,193,8,93,39,33,13,41,28,3,3,3,4,4,4,2,5,15,3,1,5,1,1,4,4,2,2,98,13,6,14,16,13,10,13,13
2023-02-12,186,4,110,38,12,22,50,31,3,4,3,4,4,3,4,6,18,2,3,4,3,1,5,5,2,3,72,6,11,6,5,10,12,14,8
2023-02-13,141,18,72,13,34,36,23,21,4,1,6,5,0,2,2,1,9,1,2,2,1,1,2,5,4,1,58,4,14,6,3,8,10,5,8
2023-02-14,224,5,139,45,20,45,49,33,5,4,3,6,5,3,5,2,11,0,4,1,2,2,2,7,5,2,77,10,6,8,16,13,10,8,6
2023-02-15,152,3,41,23,21,13,5,27,4,4,4,3,2,1,4,5,17,3,1,3,5,0,5,7,3,4,80,13,5,14,13,6,11,8,10
2023-02-16,171,11,58,19,35,33,6,27,3,3,1,4,4,4,4,4,16,1,1,3,4,2,5,6,2,4,80,14,13,10,6,10,7,16,4
2023-02-17,167,6,55,6,9,36,13,32,6,5,3,5,3,2,4,4,14,1,4,1,2,4,2,9,4,5,81,9,7,11,14,4,10,15,11
2023-02-18,197,5,93,40,14,33,20,30,4,6,4,2,4,3,3,4,18,3,5,1,3,2,4,8,2,6,75,5,15,7,8,11,11,13,5
2023-02-19,150,5,49,23,46,19,7,25,4,2,4,1,4,3,2,5,13,0,3,2,1,3,4,8,4,4,71,7,15,8,11,9,7,11,3
2023-02-20,202,10,92,49,18,20,23,32,6,6,5,4,3,4,4,0,17,3,4,5,0,3,2,7,3,4,80,13,10,10,11,2,14,12,8
2023-02-21,188,7,102,50,16,16,36,31,3,3,2,2,6,5,4,6,14,0,4,5,1,2,2,7,4,3,73,10,13,5,5,10,15,6,9
2023-02-22,192,4,74,15,2,47,12,35,4,7,2,5,4,4,3,6,18,4,5,0,4,1,4,7,4,3,87,6,11,9,12,12,13,7,17
2023-02-23,171,5,104,32,16,38,34,30,3,4,3,4,2,6,4,4,16,2,4,2,4,1,3,6,3,3,53,9,4,6,9,9,1,5,10
2023-02-24,182,8,90,15,23,30,45,31,4,5,5,4,6,3,1,3,18,3,5,2,3,4,1,5,4,1,79,3,6,11,13,13,12,13,8
2023-02-25,177,7,96,41,31,15,40,24,2,6,2,0,5,4,3,2,17,4,4,3,2,3,1,8,6,2,70,12,10,1,8,10,15,4,10
2023-02-26,150,38,75,3,52,28,44,25,1,5,2,4,3,5,2,3,12,4,1,4,2,0,1,4,2,2,75,6,11,4,5,17,10,14,8
2023-02-27,169,34,79,45,44,12,22,25,1,4,5,1,6,6,1,1,13,2,0,2,5,4,0,6,3,3,71,9,9,10,6,10,11,6,10
2023-02-28,205,4,111,16,11,47,48,30,4,5,5,2,2,3,4,5,15,2,4,1,3,2,3,6,3,3,94,15,12,15,10,14,5,9,14
2023-03-01,176,44,102,49,23,4,49,25,4,4,3,3,2,0,5,4,18,4,3,1,1,5,4,5,2,3,80,11,16,14,1,10,8,3,17
2023-03-02,168,7,102,11,25,47,44,27,5,2,4,3,3,2,4,4,12,4,0,3,1,4,0,7,5,2,64,10,6,10,6,4,10,5,13
2023-03-03,200,3,100,41,18,42,17,32,4,3,4,3,3,6,4,5,9,2,0,2,2,1,2,3,0,3,83,8,13,12,9,11,8,10,12
2023-03-04,144,8,53,17,52,18,18,31,3,3,2,5,5,4,5,4,16,4,3,0,3,1,5,5,4,1,65,14,2,12,11,9,4,4,9
2023-03-05,163,4,68,18,51,29,21,30,2,4,3,4,5,5,3,4,9,1,4,2,1,1,0,4,3,1,78,8,7,17,7,11,13,4,11
2023-03-06,203,5,111,46,55,47,18,26,4,3,3,1,3,5,2,5,16,2,3,2,5,3,1,9,5,4,66,15,3,5,9,12,4,10,8
2023-03-07,211,5,118,33,35,55,30,26,3,1,4,5,4,3,3,3,20,4,3,3,5,3,2,7,5,2,73,9,13,5,6,7,15,8,10
2023-03-08,152,3,78,26,14,6,46,24,2,2,2,3,3,4,3,5,18,3,2,2,1,5,5,11,5,6,75,12,10,17,4,3,3,11,15
2023-03-09,179,20,74,21,39,41,12,32,4,5,4,5,3,3,5,3,11,1,2,0,3,3,2,10,5,5,74,17,5,9,12,5,4,12,10
2023-03-10,163,10,98,28,15,16,54,31,3,2,3,7,3,2,6,5,12,1,1,1,4,1,4,9,5,4,67,12,5,7,12,5,4,12,10
2023-03-11,191,38,114,45,27,23,46,24,5,2,4,4,4,2,1,2,12,3,1,3,2,3,0,7,4,3,75,3,15,13,16,6,10,5,7
2023-03-12,210,4,97,44,42,51,2,32,2,5,3,2,3,5,6,6,15,3,2,3,1,2,4,10,5,5,78,7,15,7,8,9,8,10,14
2023-03-13,179,4,63,37,30,12,14,27,3,2,5,2,2,5,4,4,16,0,3,5,2,4,2,7,4,3,87,10,12,5,17,12,14,10,7
2023-03-14,134,5,49,12,38,12,25,22,4,1,5,3,1,2,4,2,16,5,5,0,2,2,2,11,6,5,61,8,7,13,5,3,12,11,2
2023-03-15,157,3,51,18,37,22,11,24,5,3,5,3,3,1,1,3,14,5,3,1,1,2,2,4,2,2,79,7,14,17,14,6,8,9,4
2023-03-16,173,4,84,32,10,12,40,27,3,2,3,2,4,6,4,3,15,3,1,2,4,1,4,9,6,3,78,0,14,12,14,12,15,4,7
2023-03-17,197,5,115,36,21,44,35,25,4,1,5,4,1,3,3,4,19,3,5,0,4,4,3,7,4,3,65,12,13,4,2,10,11,9,4
2023-03-18,207,3,86,21,44,48,17,34,4,5,4,5,3,6,4,3,22,4,4,5,2,2,5,5,3,2,87,14,9,16,10,4,13,10,11
2023-03-19,138,2,62,25,45,13,24,25,2,2,2,2,4,5,3,5,10,1,1,1,4,2,1,7,2,5,67,12,2,5,11,15,2,8,12
2023-03-20,217,8,109,46,31,45,18,29,4,3,3,6,5,3,3,2,15,3,3,1,3,4,1,7,4,3,83,4,10,17,11,6,14,8,13
2023-03-21,218,4,93,11,21,55,27,29,1,5,4,5,4,3,4,3,20,4,4,3,4,4,1,6,3,3,101,15,13,16,16,14,3,14,10
2023-03-22,168,6,53,7,20,11,16,31,4,2,6,5,4,4,3,3,14,1,2,1,4,3,3,9,5,4,87,15,11,11,7,12,7,13,11
2023-03-23,121,3,37,2,8,9,26,26,4,3,3,2,4,3,4,3,12,2,0,2,2,2,4,6,4,2,69,5,15,8,6,10,6,13,6
2023-03-24,157,79,57,18,54,24,15,32,3,6,5,5,3,4,5,1,9,2,3,3,0,1,0,6,3,3,68,5,14,5,11,10,13,7,3
2023-03-25,145,3,42,19,42,8,15,22,4,4,1,2,3,1,2,5,14,2,4,1,2,0,5,6,3,3,89,11,14,16,7,8,9,12,12
2023-03-26,151,19,50,13,38,22,15,32,5,6,1,3,5,5,3,4,15,5,4,3,1,0,2,5,3,2,67,13,4,14,11,5,9,8,3
2023-03-27,184,8,61,5,12,47,9,22,2,3,3,3,5,3,2,1,18,4,5,4,0,3,2,4,2,2,99,18,12,15,12,13,10,5,14
2023-03-28,187,5,64,41,11,18,5,28,6,3,3,2,2,3,6,3,13,4,0,2,2,2,3,8,5,3,87,7,10,14,14,15,11,12,4
2023-03-29,197,8,120,40,21,37,43,28,4,6,4,2,3,3,4,2,15,3,2,4,4,2,0,7,1,6,71,10,13,5,5,9,7,10,12
2023-03-30,225,5,140,45,33,54,41,32,3,5,6,5,3,3,4,3,17,2,4,3,2,5,1,9,5,4,66,11,13,13,9,3,5,5,7
2023-03-31,200,4,130,36,41,48,46,25,5,2,4,1,4,4,1,4,13,4,0,2,4,0,3,6,3,3,75,12,4,8,6,4,12,15,14
2023-04-01,156,52,75,18,8,16,41,29,5,7,5,2,3,4,3,0,18,1,3,2,5,5,2,5,3,2,64,14,9,10,2,8,12,4,5
2023-04-02,164,23,57,34,33,13,10,26,1,3,4,1,5,3,4,5,18,3,3,4,2,3,3,3,1,2,80,15,8,7,9,11,8,13,9
2023-04-03,167,4,96,47,13,15,34,23,3,1,4,3,4,2,4,2,17,4,4,4,1,0,4,9,5,4,58,5,14,6,5,7,7,7,7
2023-04-04,199,14,106,31,17,34,41,29,4,5,3,4,3,3,3,4,19,1,1,4,5,4,4,9,6,3,74,7,16,5,5,13,15,10,3
2023-04-05,185,4,106,49,7,18,39,27,2,2,4,2,3,4,5,5,18,4,2,1,4,3,4,9,4,5,72,5,8,9,12,9,9,6,14
2023-04-06,190,4,107,33,42,27,47,31,4,4,4,2,3,3,5,6,15,4,1,3,3,1,3,12,7,5,71,14,4,10,7,8,11,12,5
2023-04-07,161,3,72,19,18,17,36,26,2,5,5,2,3,2,4,3,15,4,2,5,3,0,1,10,5,5,72,9,7,6,15,16,6,10,3
2023-04-08,228,15,134,34,21,49,51,30,4,4,3,3,4,6,4,2,16,0,5,4,5,1,1,2,1,1,92,13,11,15,5,9,12,16,11
2023-04-09,159,8,77,16,51,44,17,32,5,5,4,4,3,4,1,6,18,3,2,3,4,2,4,9,4,5,48,7,2,7,4,11,7,6,4
2023-04-10,202,13,130,46,26,38,46,31,5,4,2,4,4,3,6,3,17,4,4,0,3,2,4,9,6,3,63,9,2,10,5,4,15,5,13
2023-04-11,192,3,116,43,50,50,23,29,5,4,3,4,0,6,4,3,14,4,3,1,5,0,1,5,1,4,57,8,10,4,9,4,5,7,10
2023-04-12,185,12,102,13,47,48,41,29,4,5,3,3,2,6,3,3,19,4,1,3,4,2,5,10,4,6,73,13,6,14,5,6,12,4,13
2023-04-13,185,13,55,13,19,31,11,30,7,1,3,3,5,3,4,4,19,1,3,3,4,4,4,8,5,3,97,9,11,15,13,10,13,13,13
2023-04-14,163,3,73,24,16,37,12,28,1,3,5,4,3,2,5,5,13,4,0,2,0,3,4,5,3,2,66,6,13,8,12,3,6,10,8
2023-04-15,142,16,65,26,44,7,32,30,6,3,2,2,5,4,3,5,15,1,0,2,4,5,3,6,5,1,59,13,9,9,12,3,2,5,6
2023-04-16,193,3,108,28,38,51,29,29,5,3,5,3,3,2,4,4,17,2,4,4,3,2,2,5,2,3,72,16,6,8,4,6,4,11,17
2023-04-17,173,7,96,22,22,28,46,25,2,3,4,3,2,4,4,3,13,2,2,4,3,1,1,9,3,6,80,8,8,15,4,14,8,8,15
2023-04-18,206,8,123,48,31,43,32,24,3,3,4,4,4,4,0,2,12,4,4,2,1,1,0,8,4,4,72,6,4,8,10,13,12,10,9
2023-04-19,177,3,125,43,11,30,52,28,3,5,4,5,2,4,1,4,17,2,2,2,4,4,3,10,5,5,46,4,8,6,3,5,2,12,6
2023-04-20,168,7,79,20,43,25,34,29,4,4,2,5,3,2,3,6,20,4,2,4,2,3,5,6,3,3,77,13,4,12,11,4,14,5,14
2023-04-21,198,6,118,34,17,41,43,32,3,5,6,1,3,6,3,5,12,3,0,5,0,1,3,7,3,4,79,13,6,7,5,16,3,13,16
2023-04-22,219,6,136,49,11,50,37,21,4,2,0,3,1,2,6,3,16,3,5,1,3,2,2,4,2,2,83,13,8,14,13,6,11,3,15
2023-04-23,186,5,95,52,42,17,26,26,3,4,5,6,2,2,3,1,7,0,2,0,0,2,3,6,2,4,79,8,4,6,13,11,16,16,5
2023-04-24,164,14,83,10,21,46,27,27,5,2,4,2,2,6,3,3,16,4,0,1,3,4,4,6,1,5,68,5,3,7,7,13,4,16,13
2023-04-25,185,6,103,50,46,9,44,25,2,6,2,1,3,1,5,5,20,4,4,4,2,1,5,8,4,4,81,15,3,11,7,10,4,14,17
2023-04-26,166,14,74,46,23,5,23,26,3,3,5,4,4,3,2,2,17,0,1,5,4,5,2,7,6,1,69,9,8,11,4,4,13,10,10
2023-04-27,185,46,105,26,50,45,34,21,4,4,4,0,3,4,0,2,15,3,2,2,3,5,0,7,3,4,66,4,7,8,7,14,10,14,2
2023-04-28,191,11,115,35,51,44,36,24,3,2,3,3,3,5,2,3,11,2,1,3,1,1,3,7,2,5,74,10,6,9,11,10,6,12,10
2023-04-29,149,3,61,26,43,26,9,24,4,2,5,3,2,4,2,2,13,2,3,1,2,4,1,10,5,5,58,10,12,6,4,4,13,2,7
2023-04-30,139,4,44,10,28,19,15,31,5,3,5,5,3,4,4,2,9,3,0,2,1,1,2,9,5,4,64,10,6,7,7,11,14,6,3
2023-05-01,198,4,109,23,51,47,39,32,3,4,7,1,4,3,7,3,9,3,0,2,0,2,2,9,3,6,82,12,13,4,14,12,8,8,11
2023-05-02,185,6,105,54,35,13,38,28,2,1,3,6,5,6,2,3,14,0,4,3,4,2,1,5,1,4,68,6,8,5,12,11,13,9,4
2023-05-03,178,16,80,30,35,37,13,25,5,5,1,3,5,3,2,1,11,1,3,2,3,1,1,5,3,2,75,9,15,7,6,14,7,8,9
2023-05-04,141,3,41,5,40,14,22,28,3,5,2,6,2,4,4,2,18,4,5,2,1,4,2,8,4,4,72,9,8,13,8,10,11,6,7
2023-05-05,179,20,113,39,15,26,48,31,2,5,5,5,3,4,3,4,17,2,1,4,1,4,5,5,4,1,59,7,9,4,6,1,13,11,8
2023-05-06,158,5,61,16,31,19,26,27,4,1,5,3,3,1,5,5,19,3,1,5,4,5,1,6,3,3,76,7,12,12,7,3,12,14,9
2023-05-07,149,19,85,12,4,28,45,24,2,1,2,4,5,4,1,5,21,4,5,2,3,3,4,10,5,5,58,4,10,6,9,8,5,5,11
2023-05-08,138,13,48,8,9,19,21,25,4,4,4,4,3,2,2,2,18,0,2,4,5,4,3,9,5,4,69,10,4,13,6,9,6,7,14
2023-05-09,226,7,137,51,45,50,36,31,4,2,3,4,4,5,3,6,21,4,1,5,4,5,2,7,4,3,64,7,10,14,1,7,7,16,2
2023-05-10,176,8,72,27,30,31,14,24,3,3,6,0,2,3,4,3,16,3,4,4,0,1,4,4,2,2,83,13,14,12,3,8,10,13,10
2023-05-11,192,8,95,23,30,37,35,29,5,4,5,1,5,2,2,5,17,2,4,2,5,2,2,10,6,4,84,13,8,10,5,11,9,13,15
2023-05-12,194,3,113,29,13,52,32,23,4,3,1,1,2,3,5,4,15,3,4,0,1,2,5,9,5,4,70,13,10,3,4,12,12,10,6
2023-05-13,161,7,69,28,25,24,17,25,3,3,2,6,3,3,2,3,18,5,0,4,3,4,2,4,1,3,72,9,7,6,15,3,5,14,13
2023-05-14,187,4,59,29,51,25,5,31,2,4,2,6,5,6,4,2,16,2,4,2,4,3,1,9,5,4,87,15,8,17,11,13,7,6,10
2023-05-15,165,8,92,18,36,37,37,23,4,2,3,3,4,5,1,1,14,3,3,1,3,3,1,9,5,4,59,8,8,9,5,8,7,11,3
2023-05-16,166,8,69,15,37,50,4,28,0,2,5,4,5,3,7,2,11,3,2,2,3,0,1,7,3,4,69,9,8,4,10,11,4,8,15
2023-05-17,185,12,85,37,5,26,22,23,2,2,4,3,5,1,2,4,12,2,1,0,4,4,1,5,1,4,91,16,12,10,6,7,16,10,14
2023-05-18,166,6,102,40,47,11,51,27,5,4,3,2,4,2,1,6,16,4,1,3,3,2,3,8,2,6,63,12,6,3,9,8,13,7,5
2023-05-19,164,7,71,14,32,28,29,26,5,0,4,5,4,2,3,3,16,4,3,0,4,3,2,10,6,4,78,10,6,5,13,10,7,12,15
2023-05-20,183,14,85,34,30,22,29,26,3,6,3,6,4,2,0,2,20,3,3,3,5,5,1,8,4,4,80,10,14,7,11,4,6,13,15
2023-05-21,190,10,106,29,27,46,31,33,5,6,3,5,3,3,5,3,17,3,3,0,5,1,5,5,0,5,64,6,12,13,10,4,9,4,6
2023-05-22,188,4,92,52,32,16,24,33,4,4,3,5,6,5,4,2,14,2,4,1,3,1,3,8,3,5,68,4,11,4,13,8,17,6,5
2023-05-23,160,11,52,8,33,18,26,31,2,5,3,3,5,6,5,2,9,3,1,1,4,0,0,6,3,3,93,17,11,13,11,9,10,9,13
2023-05-24,201,4,122,35,44,41,46,29,4,6,4,2,5,2,1,5,16,3,2,4,1,3,3,5,1,4,73,14,13,16,7,2,8,8,5
2023-05-25,176,16,72,43,35,5,24,30,3,5,3,2,5,4,4,4,11,2,3,4,1,1,0,6,4,2,79,17,14,15,7,4,6,14,2
2023-05-26,179,7,113,46,35,13,54,31,5,4,5,5,3,4,3,2,8,1,4,1,1,0,1,4,1,3,70,10,3,6,11,14,9,10,7
2023-05-27,166,3,62,21,38,30,11,25,2,3,2,3,4,4,3,4,21,2,5,4,2,4,4,7,2,5,77,3,11,12,5,12,15,6,13
2023-05-28,191,8,116,35,39,45,36,26,4,3,1,2,2,5,4,5,9,3,0,1,2,0,3,6,1,5,74,10,13,6,13,8,14,2,8
2023-05-29,220,5,106,40,42,47,19,29,4,6,3,4,5,3,1,3,22,5,4,4,3,2,4,8,3,5,86,12,5,7,13,15,12,9,13
2023-05-30,173,3,94,20,33,31,43,25,1,3,1,4,3,6,3,4,14,3,5,1,1,0,4,6,2,4,79,12,9,8,5,7,14,15,9
2023-05-31,130,9,49,14,14,8,27,29,4,2,5,4,3,5,4,2,10,1,1,1,2,2,3,8,5,3,70,1,11,5,9,9,14,5,16
2023-06-01,153,4,54,30,37,9,15,27,4,2,3,3,4,3,5,3,18,5,1,1,4,5,2,8,2,6,74,5,11,7,14,5,5,13,14
2023-06-02,196,11,97,21,50,52,24,27,2,6,1,1,4,6,5,2,8,0,1,2,1,3,1,10,4,6,85,16,8,10,14,3,9,14,11
2023-06-03,184,4,95,21,36,49,25,29,6,4,3,1,1,6,3,5,15,2,4,5,3,0,1,8,4,4,64,3,10,8,11,12,12,5,3
2023-06-04,180,11,91,47,33,20,24,24,0,5,2,6,2,5,2,2,20,4,5,3,1,4,3,8,5,3,66,12,2,9,12,6,12,3,10
2023-06-05,165,3,69,37,44,24,8,28,4,4,4,4,5,3,3,1,10,1,2,1,2,2,2,5,3,2,70,7,5,12,15,6,11,3,11
2023-06-06,170,5,99,47,54,16,36,26,4,1,2,4,4,4,4,3,14,1,1,4,2,5,1,7,5,2,58,9,8,8,2,15,5,4,7
2023-06-07,163,41,78,15,40,34,29,29,4,4,2,3,4,5,2,5,11,0,3,3,3,1,1,4,2,2,73,12,4,8,5,14,12,9,9
2023-06-08,179,13,80,32,24,38,10,18,4,3,2,1,1,2,1,4,23,4,3,4,5,2,5,5,1,4,70,11,6,2,10,16,12,11,2
2023-06-09,183,6,68,8,34,55,5,33,4,6,4,1,4,5,5,4,10,3,1,3,0,0,3,7,4,3,85,7,14,2,14,12,15,8,13
2023-06-10,201,8,136,44,9,44,48,33,5,3,5,3,5,3,3,6,13,2,2,1,4,0,4,9,3,6,60,9,7,13,4,4,1,15,7
2023-06-11,146,49,79,12,45,21,46,27,4,2,3,4,5,3,1,5,13,3,1,1,0,4,4,5,1,4,73,8,8,0,13,11,15,4,14
2023-06-12,171,7,95,19,23,42,34,26,4,2,2,7,2,3,5,1,14,1,4,0,2,3,4,10,6,4,56,5,12,8,7,8,2,14,0
2023-06-13,182,3,71,23,33,35,13,26,3,3,3,4,1,2,3,7,10,4,3,0,3,0,0,7,4,3,89,16,15,8,5,13,14,11,7
2023-06-14,150,7,35,6,23,15,14,25,2,4,5,3,2,6,2,1,21,3,5,4,0,4,5,6,4,2,87,12,11,11,8,7,11,15,12
2023-06-15,173,4,83,18,33,42,23,31,1,3,2,7,7,4,2,5,12,2,1,3,4,1,1,5,2,3,73,11,12,4,14,7,1,11,13
2023-06-16,136,9,55,19,37,12,24,22,2,5,1,4,2,4,1,3,16,2,2,4,1,3,4,6,3,3,67,3,12,14,5,13,3,8,9
2023-06-17,166,6,88,29,26,25,34,28,2,3,4,2,4,3,6,4,15,1,3,1,2,3,5,5,1,4,68,6,15,15,10,2,3,10,7
2023-06-18,149,4,62,26,39,17,19,28,5,1,2,4,6,1,3,6,21,2,5,4,5,4,1,7,4,3,55,5,4,3,11,11,8,8,5
2023-06-19,158,7,83,19,43,21,43,33,4,3,3,5,5,4,4,5,16,2,4,2,2,4,2,7,6,1,61,7,2,5,4,11,10,13,9
2023-06-20,158,3,109,23,7,46,40,21,3,3,4,5,2,1,3,0,15,3,0,2,2,4,4,5,1,4,44,5,9,3,2,12,8,2,3
2023-06-21,185,4,99,37,22,51,11,22,2,3,4,4,2,1,2,4,15,2,3,3,1,3,3,9,5,4,56,15,6,5,4,17,4,4,1
2023-06-22,153,3,49,15,15,19,15,30,2,3,2,3,3,5,5,7,15,4,3,3,0,1,4,8,2,6,77,16,14,14,13,5,6,4,5
2023-06-23,178,11,50,14,35,26,10,27,2,3,4,2,2,3,5,6,17,2,3,4,2,5,1,4,3,1,100,10,15,12,7,16,18,11,11
2023-06-24,137,4,59,9,52,22,28,24,3,3,2,2,5,4,2,3,15,5,2,1,3,2,2,8,4,4,62,7,10,9,12,4,9,4,7
2023-06-25,211,10,141,44,18,46,51,16,1,0,1,0,1,4,3,6,21,3,2,5,3,4,4,5,3,2,80,16,8,8,13,5,10,9,11
2023-06-26,159,27,86,22,16,36,28,23,3,3,2,2,5,3,2,3,20,4,2,4,1,4,5,7,2,5,54,13,5,8,6,5,10,4,3
2023-06-27,154,3,79,11,48,22,46,27,1,4,4,4,4,3,5,2,14,2,1,4,2,4,1,7,2,5,74,2,12,17,10,5,5,10,13
2023-06-28,177,22,84,22,45,48,14,27,3,4,4,3,4,2,5,2,12,1,4,1,0,2,4,8,2,6,68,11,3,9,8,3,15,14,5
2023-06-29,187,31,87,34,47,26,27,33,2,5,7,4,6,3,3,3,7,0,3,1,1,2,0,7,3,4,82,10,10,4,13,14,10,14,7
2023-06-30,162,27,70,31,37,25,14,27,6,4,3,1,2,5,1,5,19,5,0,5,2,3,4,8,5,3,62,2,7,4,17,5,5,14,8
2023-07-01,170,11,92,23,10,37,32,25,0,2,4,4,4,3,5,3,12,2,2,3,1,3,1,9,4,5,68,9,11,4,11,9,8,6,10
2023-07-02,163,4,64,18,49,8,38,23,5,2,2,4,4,1,2,3,16,3,4,0,3,4,2,9,4,5,93,11,15,13,14,13,11,4,12
2023-07-03,148,3,54,7,10,15,32,30,2,5,3,3,3,5,5,4,15,5,1,2,3,3,1,6,2,4,79,3,11,16,12,9,9,9,10
2023-07-04,164,3,80,17,31,29,34,21,3,4,1,2,0,3,4,4,21,2,4,4,5,2,4,12,6,6,69,13,9,9,8,5,10,7,8
2023-07-05,209,5,123,52,43,34,37,35,5,5,4,5,2,5,7,2,12,1,1,5,4,1,0,6,3,3,72,9,10,9,5,9,8,8,14
2023-07-06,171,10,95,35,24,10,50,28,6,3,3,2,3,3,6,2,15,0,2,5,2,2,4,8,5,3,75,13,10,7,14,4,2,13,12
2023-07-07,182,4,87,23,55,30,34,25,2,4,3,6,0,4,3,3,14,0,0,5,5,2,2,5,3,2,89,13,8,6,11,13,11,13,14
2023-07-08,185,12,93,44,46,14,35,29,2,5,5,1,2,6,4,4,10,5,1,0,3,1,0,4,2,2,86,11,6,16,13,9,13,6,12
2023-07-09,170,6,62,37,20,17,8,23,2,2,5,2,4,3,1,4,20,4,3,4,1,3,5,8,3,5,74,5,4,16,10,8,14,15,2
2023-07-10,183,6,92,48,22,31,13,28,4,3,2,5,1,3,5,5,12,1,2,2,1,5,1,10,5,5,63,11,8,13,3,5,8,8,7
2023-07-11,167,4,105,39,16,19,47,29,2,5,5,4,4,4,2,3,19,5,3,0,4,5,2,7,3,4,49,8,5,7,8,3,7,7,4
2023-07-12,170,7,110,39,11,24,47,25,1,3,4,6,2,4,2,3,13,4,2,2,1,3,1,9,3,6,55,6,5,13,9,6,10,3,3
2023-07-13,208,35,93,50,23,26,17,32,4,6,4,7,4,3,2,2,19,3,4,4,3,5,0,7,4,3,81,4,11,9,10,12,12,11,12
2023-07-14,138,17,38,13,48,14,11,28,3,3,3,4,4,4,6,1,13,1,4,3,3,0,2,6,2,4,70,13,7,2,8,6,18,10,6
2023-07-15,177,5,78,25,34,17,36,22,4,5,1,1,3,2,5,1,19,3,1,2,4,4,5,7,4,3,92,16,18,9,10,11,12,2,14
2023-07-16,175,29,61,29,48,20,12,31,3,5,3,5,4,2,5,4,12,4,2,3,2,1,0,8,6,2,78,15,8,8,8,15,7,14,3
2023-07-17,226,4,135,48,44,49,38,20,2,1,4,3,3,2,3,2,22,4,2,5,3,4,4,10,5,5,77,16,7,12,5,17,11,3,6
2023-07-18,216,8,115,17,47,53,45,29,5,3,3,3,4,4,5,2,16,5,2,1,3,1,4,7,3,4,97,8,17,13,9,9,10,17,14
2023-07-19,169,7,89,22,9,26,41,22,2,4,2,4,2,0,5,3,17,3,1,3,3,3,4,10,5,5,71,14,14,8,10,12,5,4,4
2023-07-20,200,5,111,41,8,42,28,26,4,1,5,2,3,5,4,2,17,5,1,1,4,4,2,6,4,2,70,6,14,11,11,7,11,1,9
2023-07-21,210,6,97,53,7,23,21,22,4,5,4,1,4,1,2,1,20,1,2,5,5,3,4,6,4,2,85,10,11,10,12,12,13,16,1
2023-07-22,203,10,135,49,38,35,51,29,4,3,4,4,5,2,2,5,19,4,1,3,3,3,5,9,3,6,59,7,7,3,14,10,7,9,2
2023-07-23,166,4,96,35,20,30,31,24,4,1,4,4,1,2,4,4,9,5,1,1,0,2,0,8,5,3,64,9,8,6,10,12,3,4,12
2023-07-24,192,10,83,36,35,36,11,28,5,4,4,2,3,4,4,2,16,3,3,2,3,3,2,8,4,4,78,14,13,14,6,3,9,8,11
2023-07-25,178,10,90,41,34,20,29,35,5,6,4,2,4,5,5,4,17,2,3,2,3,4,3,4,1,3,68,12,11,9,7,8,3,5,13
2023-07-26,213,5,130,46,52,36,48,33,3,4,5,3,4,4,5,5,13,2,2,2,2,2,3,3,1,2,77,12,8,7,12,14,7,14,3
2023-07-27,190,12,92,35,17,35,22,30,5,5,1,3,4,4,4,4,10,2,2,0,1,4,1,8,4,4,83,15,8,3,5,14,12,10,16
2023-07-28,192,5,101,18,36,34,49,30,1,3,3,3,6,5,5,4,19,2,4,3,3,3,4,5,1,4,85,4,9,15,9,14,13,13,8
2023-07-29,172,5,76,34,54,17,25,30,3,4,2,5,5,3,5,3,14,4,4,1,2,1,2,10,4,6,73,9,9,5,13,13,15,1,8
2023-07-30,120,3,26,12,47,4,10,32,2,5,3,4,7,2,4,5,15,1,4,1,4,2,3,8,5,3,63,10,4,4,6,6,6,14,13
2023-07-31,189,3,114,22,21,48,44,25,4,4,5,4,3,2,2,1,18,1,5,4,1,4,3,8,3,5,72,12,11,2,2,16,8,6,15
2023-08-01,177,4,100,40,34,24,36,29,3,2,1,4,5,3,5,6,12,3,1,0,0,4,4,6,3,3,67,8,10,16,11,4,10,4,4
2023-08-02,136,2,49,8,38,8,33,28,4,4,5,2,5,3,5,0,18,2,0,5,4,4,3,7,5,2,68,15,15,4,7,7,4,5,11
2023-08-03,187,4,107,28,34,29,50,25,5,2,3,2,3,2,6,2,13,2,1,3,1,4,2,5,2,3,82,11,11,10,12,4,15,11,8
2023-08-04,192,4,124,29,19,45,50,27,3,1,4,3,2,6,5,3,11,4,4,1,1,0,1,7,2,5,73,12,8,11,5,10,5,10,12
2023-08-05,160,8,75,46,24,13,16,24,1,3,4,5,3,2,3,3,13,1,4,1,3,4,0,8,4,4,60,2,2,6,11,12,6,15,6
2023-08-06,158,3,73,19,53,26,28,24,2,3,3,0,3,3,4,6,12,1,1,3,4,1,2,4,2,2,79,10,3,3,14,14,11,13,11
2023-08-07,168,3,71,13,45,36,22,31,3,6,6,3,1,5,5,2,14,3,3,5,0,2,1,7,2,5,72,2,13,12,8,12,1,15,9
2023-08-08,152,4,66,9,22,41,16,36,6,6,3,4,5,2,6,4,23,3,5,3,3,4,5,7,4,3,48,8,8,5,5,3,4,3,12
2023-08-09,200,20,118,46,34,30,42,36,4,5,3,5,5,6,3,5,20,4,4,5,2,1,4,4,1,3,63,10,4,13,3,15,5,8,5
2023-08-10,206,26,92,36,44,49,7,31,5,4,2,5,3,3,4,5,18,1,2,5,2,5,3,5,2,3,77,14,14,7,5,6,12,13,6
2023-08-11,186,12,76,24,42,30,22,28,3,3,5,5,2,5,1,4,18,5,2,2,4,2,3,9,4,5,86,8,16,15,15,8,3,10,11
2023-08-12,182,4,108,42,24,24,42,23,2,4,4,4,0,4,3,2,11,1,4,0,4,0,2,9,4,5,75,6,10,13,5,4,10,15,12
2023-08-13,190,6,84,29,29,41,14,29,1,5,4,4,5,5,2,3,15,0,2,4,2,2,5,9,6,3,77,15,3,8,14,8,12,7,10
2023-08-14,177,3,89,15,45,44,30,26,4,3,2,6,2,4,3,2,10,1,2,0,1,2,4,4,3,1,82,7,12,9,5,15,13,10,11
2023-08-15,161,4,78,24,26,19,35,23,1,4,3,2,1,2,4,6,8,4,1,0,1,2,0,5,5,0,80,12,2,14,13,14,14,5,6
2023-08-16,171,13,90,11,31,34,45,30,4,3,1,5,4,4,7,2,13,2,4,0,3,1,3,7,4,3,73,14,5,4,16,14,6,7,7
2023-08-17,163,4,81,28,51,27,26,24,4,4,2,3,4,2,3,2,17,1,4,4,3,1,4,9,6,3,66,10,1,9,6,2,11,13,14
2023-08-18,238,8,110,37,26,47,26,32,5,3,4,4,4,5,4,3,16,3,4,1,3,4,1,5,1,4,111,13,12,10,14,18,15,12,17
2023-08-19,177,4,74,20,7,27,27,30,3,1,5,7,4,2,3,5,16,4,2,2,4,3,1,8,4,4,80,13,11,1,14,12,9,13,7
2023-08-20,165,4,96,32,32,40,24,22,3,2,3,3,1,2,3,5,15,2,1,4,1,4,3,8,6,2,51,13,0,9,5,5,9,6,4
2023-08-21,145,5,73,20,37,9,44,27,3,4,1,6,5,4,0,4,19,3,2,1,4,4,5,3,2,1,67,13,2,9,13,4,7,10,9
2023-08-22,163,6,55,23,40,26,6,36,5,6,5,3,4,5,5,3,17,4,1,3,4,4,1,10,5,5,61,15,8,8,12,3,6,1,8
2023-08-23,173,4,73,38,10,16,19,28,5,4,3,1,5,2,4,4,11,0,2,4,2,0,3,9,6,3,76,4,14,8,9,16,5,14,6
2023-08-24,175,5,89,50,12,8,31,24,2,1,3,5,5,3,4,1,12,3,4,1,2,1,1,8,6,2,70,12,9,13,5,16,1,9,5
2023-08-25,166,9,59,24,50,29,6,29,5,3,4,4,3,3,2,5,19,4,2,2,5,3,3,9,4,5,73,9,7,12,7,9,3,12,14
2023-08-26,193,5,77,11,9,46,20,34,2,6,4,4,5,4,6,3,7,0,3,0,2,0,2,10,4,6,97,14,13,16,15,11,7,6,15
2023-08-27,191,13,103,26,7,37,40,32,3,7,3,2,4,4,5,4,17,0,3,2,2,5,5,6,3,3,76,10,7,9,6,14,14,7,9
2023-08-28,174,9,99,50,21,8,41,25,5,4,3,3,3,0,3,4,22,2,3,4,3,5,5,4,3,1,65,3,4,8,16,13,11,3,7
2023-08-29,200,4,99,35,9,16,48,34,1,6,6,3,3,4,6,5,12,1,5,2,1,0,3,10,5,5,95,12,8,9,16,12,16,11,11
2023-08-30,223,5,112,55,40,49,8,29,6,3,5,2,3,6,4,0,14,2,3,2,5,1,1,7,3,4,79,10,11,7,5,13,7,13,13
2023-08-31,148,5,59,30,51,5,24,20,3,1,1,4,4,2,4,1,8,2,1,2,1,2,0,8,4,4,78,11,11,8,12,13,4,12,7
2023-09-01,189,24,94,30,12,30,34,31,4,4,3,4,3,5,4,4,11,4,3,2,1,0,1,4,0,4,89,13,15,12,7,13,8,7,14
2023-09-02,152,6,52,26,13,15,11,30,6,2,3,3,4,6,5,1,17,1,3,4,2,3,4,4,2,2,63,8,7,9,3,6,15,13,2
2023-09-03,163,82,80,15,27,29,36,26,5,4,2,3,4,2,3,3,13,1,1,1,2,5,3,8,3,5,74,10,4,13,7,12,5,15,8
2023-09-04,160,4,86,16,52,48,22,28,3,3,3,2,4,3,5,5,11,1,1,2,3,1,3,5,2,3,54,10,16,5,5,8,4,5,1
2023-09-05,192,4,110,39,27,39,32,26,3,3,4,5,3,1,4,3,12,0,3,1,4,3,1,8,3,5,74,11,4,11,6,12,5,11,14
2023-09-06,182,7,106,17,33,44,45,26,2,5,4,2,4,4,2,3,9,0,2,1,1,4,1,9,5,4,75,7,9,16,14,3,13,4,9
2023-09-07,193,97,101,47,29,13,41,27,1,5,5,3,5,3,1,4,17,4,5,5,0,1,2,10,7,3,79,10,8,10,13,14,4,11,9
2023-09-08,174,3,94,27,40,16,51,31,4,4,5,4,3,5,3,3,17,4,0,2,4,2,5,3,1,2,78,6,11,15,9,10,12,6,9
2023-09-09,174,3,99,32,20,24,43,31,4,5,4,2,5,6,1,4,15,4,5,1,1,2,2,6,3,3,64,7,4,12,4,13,10,7,7
2023-09-10,157,4,91,37,52,13,41,28,5,4,5,4,2,3,2,3,18,4,2,4,1,4,3,10,6,4,48,5,9,1,12,7,5,5,4
2023-09-11,124,4,43,13,35,23,7,26,2,1,7,1,5,4,3,3,8,1,0,1,0,3,3,1,1,0,58,12,10,3,5,10,7,7,4
2023-09-12,190,5,119,50,24,36,33,19,1,6,2,1,1,2,2,4,19,4,1,5,0,4,5,9,3,6,63,11,1,10,5,10,5,13,8
2023-09-13,145,8,55,13,21,17,25,28,5,3,4,6,1,3,5,1,22,2,4,3,5,4,4,5,3,2,64,3,10,11,11,8,5,7,9
2023-09-14,194,39,115,49,15,21,45,28,2,2,4,5,3,4,4,4,13,1,2,3,2,4,1,6,2,4,80,11,9,8,4,11,13,10,14
2023-09-15,135,3,41,24,10,12,5,34,4,4,3,5,5,4,4,5,12,4,1,4,1,0,2,5,1,4,61,10,4,5,5,2,13,12,10
2023-09-16,191,4,115,37,46,38,40,26,5,4,1,3,2,5,5,1,17,3,0,2,3,4,5,6,4,2,68,6,4,7,5,15,12,8,11
2023-09-17,157,14,59,22,21,25,12,28,4,2,1,4,4,3,5,5,17,2,4,4,1,1,5,2,1,1,77,13,5,6,10,10,5,14,14
2023-09-18,165,3,82,24,50,24,34,31,2,3,1,2,4,6,6,7,14,2,3,3,2,0,4,9,5,4,64,4,4,10,10,11,11,13,1
2023-09-19,186,3,98,33,38,23,42,25,1,3,2,2,4,5,6,2,13,5,1,4,0,1,2,4,2,2,90,3,13,7,14,11,16,11,15
2023-09-20,146,6,55,7,9,13,35,35,4,4,5,6,5,3,4,4,11,0,4,3,1,3,0,8,4,4,79,10,7,4,11,13,12,5,17
2023-09-21,159,27,82,27,34,27,28,21,1,3,2,4,2,2,4,3,14,0,5,2,1,2,4,10,4,6,66,11,4,14,7,9,8,5,8
2023-09-22,163,6,55,15,13,38,2,31,2,4,5,4,4,3,6,3,18,5,1,1,3,4,4,8,4,4,64,8,7,5,10,8,7,14,5
2023-09-23,202,4,105,56,34,11,38,35,4,6,6,4,3,4,4,4,17,3,4,4,1,3,2,7,2,5,81,7,10,9,10,14,5,14,12
2023-09-24,173,8,89,23,33,46,20,29,4,3,5,3,4,4,2,4,11,1,1,3,3,0,3,7,4,3,67,9,3,5,11,9,8,9,13
2023-09-25,190,24,114,19,31,47,48,32,5,3,3,3,6,5,4,3,23,4,4,4,4,2,5,9,2,7,62,5,8,9,2,12,5,12,9
2023-09-26,199,4,114,45,36,47,22,33,2,5,6,6,3,4,2,5,17,3,1,4,3,1,5,9,5,4,60,2,3,9,5,13,12,4,12
2023-09-27,159,3,78,15,45,35,28,33,3,2,1,6,6,4,4,7,12,4,0,4,1,3,0,7,6,1,59,5,12,2,13,7,12,1,7
2023-09-28,213,7,152,50,42,51,51,24,3,2,3,2,3,5,1,5,13,1,1,4,1,3,3,7,2,5,69,5,13,7,4,15,2,13,10
2023-09-29,190,5,79,29,48,41,9,29,4,4,2,5,3,2,2,7,22,5,4,4,2,4,3,7,3,4,75,8,16,6,2,16,3,15,9
2023-09-30,192,4,98,41,42,39,18,23,3,2,2,4,3,4,1,4,18,1,1,4,5,3,4,11,5,6,69,16,12,5,4,11,4,10,7
2023-10-01,152,4,92,22,36,18,52,30,3,5,2,2,3,4,5,6,12,2,3,1,3,2,1,7,3,4,67,11,2,13,10,2,7,5,17
2023-10-02,134,2,59,18,24,14,27,35,3,4,4,4,5,5,6,4,10,1,3,1,1,3,1,4,2,2,60,5,13,6,2,13,4,3,14
2023-10-03,184,8,109,32,9,40,37,32,3,4,4,5,2,4,5,5,13,4,0,0,3,3,3,5,1,4,64,17,8,7,4,11,4,6,7
2023-10-04,187,27,98,33,36,21,44,32,5,6,3,4,3,3,4,4,12,1,1,5,2,2,1,6,4,2,78,6,8,6,10,11,15,17,5
2023-10-05,171,3,82,48,40,8,26,31,5,3,4,3,5,3,6,2,18,2,2,4,4,2,4,7,3,4,62,11,10,3,7,9,9,7,6
2023-10-06,176,5,99,37,26,32,30,27,3,5,5,3,3,2,4,2,13,2,1,5,0,3,2,8,3,5,61,3,6,2,7,13,11,12,7
2023-10-07,194,7,88,26,25,34,28,22,2,3,3,1,4,3,2,4,18,3,3,1,5,3,3,8,5,3,89,12,12,10,12,12,10,15,6
2023-10-08,143,3,40,7,50,23,10,32,4,5,6,2,4,4,3,4,10,1,3,0,3,1,2,7,2,5,79,8,10,12,13,8,5,8,15
2023-10-09,205,26,126,47,16,26,53,31,4,2,4,5,4,5,4,3,19,4,4,5,2,0,4,4,1,3,75,7,12,5,7,15,7,14,8
2023-10-10,211,4,116,50,21,22,44,30,1,4,2,5,7,4,3,4,22,3,5,4,4,3,3,10,6,4,77,12,10,10,7,11,16,3,8
2023-10-11,212,30,119,22,34,50,47,32,6,4,3,5,5,3,3,3,13,1,4,1,4,1,2,4,2,2,92,9,9,16,15,8,5,16,14
2023-10-12,164,10,65,35,39,11,19,25,5,1,3,4,6,2,2,2,13,1,3,5,1,1,2,8,4,4,79,11,13,13,3,11,9,9,10
2023-10-13,198,25,107,45,40,34,28,25,1,1,6,3,4,2,3,5,13,3,0,4,2,3,1,8,6,2,72,11,14,10,4,1,16,13,3
2023-10-14,161,4,88,24,15,16,48,26,4,3,4,3,6,3,1,2,17,1,4,1,2,4,5,5,2,3,70,8,5,15,7,11,3,15,6
2023-10-15,184,15,99,31,16,42,26,32,4,2,5,4,3,6,5,3,16,3,3,9,1,4,3,8,2,6,63,8,11,6,8,12,2,5,11
2023-10-16,165,8,65,30,16,10,25,27,4,3,5,5,1,4,2,3,18,2,4,4,4,2,2,7,5,2,80,14,7,9,14,4,7,11,14
2023-10-17,158,3,77,4,34,31,42,29,3,5,4,0,4,5,3,5,22,4,5,3,2,4,4,6,2,4,71,7,2,0,10,11,14,15,12
2023-10-18,187,27,70,39,5,9,22,28,6,4,3,2,6,1,2,4,16,3,4,0,3,2,4,5,4,1,94,8,12,13,16,12,16,11,6
2023-10-19,148,4,51,9,24,22,20,31,5,4,3,6,2,3,3,5,16,3,5,1,2,1,4,9,5,4,73,16,7,4,10,6,9,8,13
2023-10-20,208,5,132,52,10,42,38,27,4,3,5,3,2,3,3,4,19,4,4,4,2,3,2,5,3,2,68,13,3,8,11,4,5,8,16
2023-10-21,165,11,74,18,55,39,17,31,3,2,0,5,6,4,4,7,11,2,3,1,2,0,3,8,4,4,66,13,4,15,9,10,9,1,5
2023-10-22,203,9,102,53,51,43,6,35,6,4,5,3,4,4,4,5,25,5,4,5,4,4,3,5,3,2,58,2,3,2,17,3,12,4,15
2023-10-23,205,34,113,49,14,46,18,32,3,3,4,5,5,5,4,3,18,4,1,1,5,4,3,5,3,2,60,1,13,10,5,5,8,11,7
2023-10-24,161,4,73,46,43,11,16,28,5,5,1,6,0,5,2,4,17,4,3,4,2,2,2,6,3,3,59,9,14,10,3,7,7,2,7
2023-10-25,178,89,121,31,36,45,45,27,5,1,4,3,4,1,5,4,13,0,3,1,4,4,1,6,4,2,52,5,14,2,3,11,10,1,6
2023-10-26,172,6,97,35,16,25,37,24,2,4,3,2,3,5,1,4,18,5,4,2,1,2,4,5,5,0,70,12,10,6,5,6,9,7,15
2023-10-27,180,5,86,46,19,22,18,21,2,1,4,3,3,3,1,4,17,4,1,5,1,2,4,11,6,5,77,16,6,6,10,4,9,11,15
2023-10-28,173,3,99,6,45,49,44,24,3,4,1,4,4,1,4,3,19,1,3,4,3,3,5,6,1,5,68,7,15,10,5,7,12,8,4
2023-10-29,162,4,74,37,46,19,18,28,4,4,5,1,3,3,4,4,13,3,2,3,0,3,2,6,5,1,64,4,16,1,15,12,5,3,8
2023-10-30,203,17,122,56,15,49,17,27,5,2,6,4,4,3,0,3,14,0,4,4,4,0,2,6,5,1,51,9,1,14,3,4,14,5,1
2023-10-31,145,3,55,6,18,14,35,25,3,2,4,4,3,2,2,5,14,4,2,1,3,2,2,8,4,4,86,14,2,14,3,11,16,11,15
2023-11-01,167,4,74,12,4,41,21,30,3,4,2,3,2,2,7,7,16,4,2,0,4,3,3,7,4,3,71,8,13,14,10,3,2,11,10
2023-11-02,203,6,113,50,23,35,28,31,5,3,3,5,2,3,6,4,16,5,4,4,0,0,3,3,2,1,67,6,14,12,12,7,9,4,3
2023-11-03,193,7,97,46,44,23,28,33,5,5,6,1,6,3,2,5,10,1,2,3,2,0,2,7,3,4,77,15,7,13,12,5,7,13,5
2023-11-04,154,6,37,8,47,21,8,26,4,1,3,4,4,5,4,1,17,3,3,2,1,5,3,6,4,2,88,10,8,17,6,15,4,13,15
2023-11-05,192,4,94,42,29,40,12,29,1,5,5,3,6,3,1,5,16,4,2,5,1,1,3,12,6,6,63,6,6,1,15,8,17,4,6
2023-11-06,177,12,98,28,37,42,28,27,1,3,2,4,4,5,4,4,23,5,4,3,4,2,5,4,1,3,56,7,3,5,8,2,17,10,4
2023-11-07,182,4,96,11,51,47,38,35,2,5,5,4,5,4,6,4,21,4,4,4,3,5,1,3,1,2,64,16,4,7,15,6,3,5,8
2023-11-08,158,3,84,27,41,13,44,26,4,2,2,1,2,5,4,6,17,0,4,2,4,4,3,9,4,5,69,15,2,15,10,5,6,7,9
2023-11-09,137,2,66,30,35,19,17,26,1,2,2,2,4,4,6,5,15,4,1,0,2,3,5,8,5,3,45,5,4,10,3,13,2,5,3
2023-11-10,136,3,39,18,7,5,16,25,1,3,2,4,4,5,3,3,15,3,3,4,1,1,3,9,4,5,77,13,16,10,8,8,4,3,15
2023-11-11,184,8,110,36,53,44,30,26,5,2,5,1,2,3,2,6,8,2,1,0,3,0,2,7,1,6,68,8,11,12,4,5,13,9,6
2023-11-12,190,8,132,41,15,45,46,20,1,2,3,4,1,2,4,3,17,1,4,4,2,2,4,10,3,7,63,9,4,5,14,2,4,10,15
2023-11-13,147,8,56,12,29,36,8,24,2,2,3,3,3,5,4,2,15,2,1,1,4,3,4,8,3,5,67,4,2,12,6,6,15,8,14
2023-11-14,191,5,107,43,42,35,29,30,4,5,1,5,3,3,4,5,6,0,1,0,0,2,3,6,5,1,76,8,15,5,6,8,10,13,11
2023-11-15,152,4,44,8,36,28,8,29,4,2,4,5,2,5,3,4,20,3,3,3,5,4,2,4,1,3,77,13,3,13,13,9,9,3,14
2023-11-16,172,8,107,38,43,52,17,22,3,2,4,4,2,2,2,3,12,1,2,0,3,3,3,4,2,2,49,4,12,3,3,4,13,3,7
2023-11-17,185,3,98,29,52,40,29,25,1,6,3,4,3,1,5,2,17,2,3,4,1,3,4,8,4,4,66,15,5,13,7,7,11,6,2
2023-11-18,161,54,66,13,33,11,42,40,6,5,4,7,5,3,4,6,16,5,1,2,3,0,5,9,4,5,82,16,5,11,5,11,12,6,16
2023-11-19,160,3,92,7,39,31,54,24,2,3,3,5,2,3,3,3,11,4,1,1,2,3,0,6,4,2,77,7,8,8,4,10,13,14,13
2023-11-20,154,14,46,5,36,21,20,23,2,1,7,1,3,4,3,2,21,2,4,4,4,3,4,8,4,4,86,11,9,11,13,11,8,10,13
2023-11-21,178,5,110,29,40,36,45,28,4,4,3,2,6,4,2,3,15,4,3,3,3,1,1,5,1,4,65,8,8,4,13,6,4,11,11
2023-11-22,180,4,106,45,19,22,39,26,4,5,2,4,3,2,2,4,9,1,2,3,2,0,1,7,2,5,75,5,13,5,5,5,17,13,12
2023-11-23,150,8,58,6,21,17,35,32,4,4,7,2,4,5,3,3,19,4,2,3,4,2,4,5,2,3,73,15,9,12,10,5,11,3,8
2023-11-24,129,3,58,20,27,13,25,30,2,5,2,6,3,5,5,2,8,2,1,0,1,3,1,5,3,2,54,1,5,13,4,8,7,9,7
2023-11-25,137,4,38,4,27,17,17,28,3,5,4,2,3,6,2,3,21,5,4,2,5,4,1,7,7,0,61,7,1,10,10,8,3,17,5
2023-11-26,194,7,112,38,44,43,31,28,3,3,2,5,2,6,4,3,15,4,3,2,3,2,1,9,6,3,60,10,7,8,14,3,8,5,5
2023-11-27,159,23,57,21,20,18,18,24,2,3,2,5,2,2,4,4,17,5,2,1,4,2,3,6,3,3,79,5,10,8,13,13,12,11,7
2023-11-28,165,6,51,4,35,36,11,25,4,2,4,1,2,1,6,5,17,4,4,1,1,4,3,10,5,5,89,14,11,4,14,9,14,8,15
2023-11-29,176,3,80,34,6,36,10,27,1,6,3,3,5,3,1,5,18,5,2,5,1,3,2,4,0,4,66,12,8,10,8,6,10,6,6
2023-11-30,213,4,144,54,52,52,38,23,3,3,4,4,2,1,3,3,10,1,0,5,1,2,1,6,3,3,61,5,11,5,6,10,9,15,0
2023-12-01,200,4,124,31,25,52,41,22,1,2,5,1,4,1,3,5,16,1,5,1,4,1,4,8,4,4,70,7,14,13,1,12,11,9,3
2023-12-02,201,7,86,22,28,49,15,21,2,1,2,1,2,4,5,4,20,2,3,5,4,3,3,9,3,6,94,10,11,8,10,15,11,15,14
2023-12-03,144,10,41,20,20,10,11,30,4,2,4,4,4,3,6,3,15,0,3,3,5,0,4,11,6,5,73,9,11,5,3,13,6,12,14
2023-12-04,186,4,86,52,7,18,16,23,4,2,5,1,5,0,2,4,11,3,0,1,1,1,5,6,3,3,83,14,17,7,4,14,16,6,5
2023-12-05,214,4,125,42,19,49,34,26,5,3,2,3,4,4,2,3,22,4,3,5,4,3,3,7,2,5,75,4,5,7,10,14,13,9,13
2023-12-06,140,3,43,10,30,20,13,31,1,1,5,5,4,4,6,5,17,4,2,4,4,0,3,7,3,4,69,9,13,8,6,7,2,10,14
2023-12-07,151,5,60,36,43,15,9,27,2,3,4,3,5,3,5,2,14,1,3,3,2,3,2,8,6,2,62,5,3,10,1,11,7,11,14
2023-12-08,207,10,141,53,12,39,49,28,3,2,2,3,5,5,5,3,18,3,2,3,3,2,5,5,3,2,61,12,5,8,1,13,6,9,7
2023-12-09,180,8,70,21,48,36,13,34,6,4,3,4,5,5,2,5,19,2,5,3,5,1,3,7,5,2,77,15,12,6,12,3,6,7,16
2023-12-10,172,86,83,13,33,26,44,30,5,4,6,3,1,4,3,4,19,3,3,3,5,4,1,4,2,2,82,11,5,12,14,7,4,14,15
2023-12-11,135,3,74,43,48,4,27,27,4,2,3,5,5,1,3,4,14,3,1,5,2,1,2,6,2,4,45,3,6,3,9,5,7,5,7
2023-12-12,211,10,135,48,22,40,47,28,2,4,4,5,4,3,2,4,13,2,1,1,5,3,1,8,3,5,72,8,9,11,7,32,10,10,8
2023-12-13,206,4,115,41,48,39,35,28,3,2,2,5,3,5,3,5,14,3,3,2,1,1,4,10,7,3,77,12,7,7,13,15,6,9,8
2023-12-14,195,15,111,21,52,49,41,37,5,3,7,5,4,5,5,3,10,0,3,2,2,1,2,7,5,2,71,11,13,10,8,6,10,2,11
2023-12-15,214,24,114,34,26,48,32,28,5,4,3,5,6,2,2,1,19,4,2,4,3,3,3,8,4,4,80,8,7,7,12,8,13,15,10
2023-12-16,187,21,116,48,14,15,53,30,3,4,4,3,4,5,5,2,14,2,2,3,1,5,1,7,3,4,71,5,9,10,2,7,10,15,13
2023-12-17,166,11,76,21,23,7,48,38,5,4,6,6,5,4,3,5,20,5,5,2,4,4,0,6,3,3,71,12,9,6,5,10,12,9,8
2023-12-18,135,8,46,12,13,26,8,24,3,5,3,4,3,3,0,3,10,0,2,1,3,3,1,6,2,4,66,6,2,12,10,17,6,5,8
2023-12-19,154,3,98,41,14,6,51,33,4,6,3,4,5,3,6,2,14,2,0,2,5,1,4,6,3,3,48,3,8,15,0,8,2,7,5
2023-12-20,191,7,69,19,19,42,8,31,3,6,6,5,2,4,4,1,24,4,5,4,3,4,4,4,3,1,76,15,7,5,9,13,15,7,5
2023-12-21,195,3,122,32,10,51,39,17,1,3,3,4,1,1,1,3,11,4,3,0,3,0,1,11,7,4,76,3,9,15,6,14,7,9,13
2023-12-22,228,33,147,56,35,45,46,29,5,4,4,5,2,5,1,3,20,5,4,3,1,5,2,5,3,2,70,1,12,16,15,1,11,6,8
2023-12-23,142,5,65,26,21,11,28,29,5,4,4,2,4,3,2,5,14,1,1,1,1,5,5,11,6,5,61,5,9,5,4,5,8,13,12
2023-12-24,170,14,64,18,18,37,9,21,1,2,4,4,2,3,3,2,17,1,3,3,4,1,5,6,4,2,82,15,8,12,4,9,11,13,10
2023-12-25,177,3,104,18,47,30,56,21,4,3,3,1,1,3,1,5,5,0,1,1,2,1,0,9,3,6,90,12,8,13,16,6,10,17,8
2023-12-26,168,3,85,11,18,33,41,26,3,1,4,4,1,5,4,4,19,2,4,3,3,2,5,11,5,6,75,14,11,5,13,9,6,4,13
2023-12-27,182,6,71,33,33,31,7,27,4,4,4,2,4,4,2,3,11,1,4,1,1,2,2,9,4,5,78,9,14,7,18,10,10,7,3
2023-12-28,139,5,59,29,44,13,17,20,5,1,3,0,3,3,3,2,14,4,2,2,4,1,1,7,3,4,63,3,10,4,3,13,13,6,11
2023-12-29,164,4,80,12,26,56,12,26,5,1,4,5,3,5,2,1,21,5,2,3,4,4,3,10,4,6,47,8,5,6,8,1,7,6,6
2023-12-30,194,13,109,19,6,43,47,28,4,5,2,3,3,6,2,3,17,1,4,3,3,3,3,4,2,2,77,6,8,6,12,15,15,11,4
2023-12-31,199,3,107,50,48,49,8,22,4,2,1,3,3,2,4,3,12,1,5,1,0,3,2,6,5,1,71,7,4,10,12,12,5,8,13
